fid,species,datetime,note,photoId
1,カタバミ,2026年5月11日 13:31,,001
2,カタバミ,2026年5月11日 13:40,,002
3,カタバミ,2026年5月25日 13:25,,003
4,カタバミ,2026年5月18日 13:29,,004
5,カタバミ,2026年5月11日 13:31,カタバミ科カタバミ属、〈時期〉5-7月、〈特徴〉五弁の黄色い花で、クローバーのような葉を持つ。曇りや、夕方になると葉を閉じ、朝になると歯を開く。,005
6,カタバミ,2026年5月18日 13:41,,006
7,カタバミ,2026年5月18日 13:26,,007
8,カタバミ,2026年5月25日 13:14,,008
9,カタバミ,2026年5月11日 13:23,,009
10,カタバミ,2026年5月11日 13:23,,010
11,カタバミ,2026年5月11日 13:30,,011
12,カタバミ,2026年5月11日 13:27,,012
13,カタバミ,2026年5月11日 13:43,,013
14,カタバミ,2026年5月25日 13:28,,014
15,カタバミ,2026年5月11日 13:43,,015
16,カタバミ,2026年5月11日 13:32,,016
17,カタバミ,2026年5月25日 13:12,,017
18,カタバミ,2026年5月11日 13:25,,018